state,coef_a,coef_b,rmse,y
São Paulo,0.6461710578348784,0.2567848883951104,87.6069729360473,1;1;1;1;2;2;2;2;3;6;10;13;16;16;19;45;64;64;65;136;152;164;241
Espírito Santo,0.22942774029361912,0.2771767489379449,0.41478783085940135,1;1;1;1;1;1;1;2;2;4;4;8;8;11
Rio de Janeiro,1.823148841846523,0.24357232450603092,17.148470880913894,1;1;2;3;8;8;14;16;19;24;24;31;33;63
Distrito Federal,0.22655133683813486,0.3572436308621706,2.039789914239511,1;1;1;1;1;2;2;3;3;8;14;19;21;34
Bahia,0.2787908873403544,0.34820617881093996,2.293741586670609,1;2;2;2;2;3;3;7;7;9;10;16;28
Minas Gerais,0.15876640856169863,0.4366561026863536,0.629383899767123,1;1;1;1;2;2;4;4;7;14;19
