state,coef_a,coef_b,rmse,y
Brasil,0.7022466889898308,0.2854279394819803,140.75640212961076,1;1;1;1;2;2;2;2;3;9;14;19;25;29;34;70;110;120;146;233;300;339;509
São Paulo,0.6461710673412453,0.2567848877318969,87.60697293604736,1;1;1;1;2;2;2;2;3;6;10;13;16;16;19;45;64;64;65;136;152;164;241
Espírito Santo,0.22942774592231407,0.2771767469210567,0.4147878308594013,1;1;1;1;1;1;1;2;2;4;4;8;8;11
Rio de Janeiro,1.8231488502096076,0.24357232425776595,17.14847088091389,1;1;2;3;8;8;14;16;19;24;24;31;33;63
Distrito Federal,0.22655133753295803,0.357243630707187,2.039789914239511,1;1;1;1;1;2;2;3;3;8;14;19;21;34
Bahia,0.27879088938772767,0.3482061783792587,2.293741586670609,1;2;2;2;2;3;3;7;7;9;10;16;28
Minas Gerais,0.1587664063950161,0.4366561038822041,0.629383899767123,1;1;1;1;2;2;4;4;7;14;19
