city,cod_city,state,UF,coef_a,coef_b,rmse,y
São Paulo,3550308,São Paulo,35,0.7740221414298061,0.24502010793298215,84.82145278648034,1;1;1;1;2;2;2;2;3;6;10;12;15;15;18;43;62;62;62;132;145;157;214
Feira de Santana,2910800,Bahia,29,1.1701700956088108,0.14343103219885722,0.07845249041204788,1;2;2;2;2;3;3;4;4;5
Rio de Janeiro,3304557,Rio de Janeiro,33,3.205972940313838,0.22368196342532543,4.508510816952462,1;2;6;6;12;14;17;22;22;29
