state,beta,gamma,R0,S,I,R,y
Brasil,0.4130202961881638,0.09363755695373022,0.22671417801480345,-0.014300157153290161,-0.0203161407604378,0.03461629791372796,1;1;1;1;2;2;2;2;3;9;14;19;25;29;34;70;110;120;146;233;300;339;509
São Paulo,0.3914396115534991,0.12358931271550538,0.3157302150005177,-0.029867808572299856,-0.008602899012678682,0.03847070758497854,1;1;1;1;2;2;2;2;3;6;10;13;16;16;19;45;64;64;65;136;152;164;241
Espírito Santo,0.24999836964332123,0.07641988952454944,0.3056815515780345,-0.009850505295881141,0.006644342625556111,0.0032061626703250305,1;1;1;1;1;1;1;2;2;4;4;8;8;11
Rio de Janeiro,0.5245997362147532,0.2,0.3812430433974272,-0.05426009458994357,0.004216712626440133,0.050043381963503435,1;1;2;3;8;8;14;16;19;24;24;31;33;63
Distrito Federal,0.4070008130477053,0.13750159445616605,0.3378410805288717,-0.05373789460139648,0.02620984324098474,0.027528051360411743,1;1;1;1;1;2;2;3;3;8;14;19;21;34
Bahia,0.34191859525762514,0.07759715582968454,0.226946287525595,-0.04932520582437725,0.03404990777808966,0.01527529804628759,1;2;2;2;2;3;3;7;7;9;10;16;28
Minas Gerais,0.3753607386891147,0.09067731945962262,0.24157379851792218,-0.04742704296768123,0.03266885235696402,0.014758190610717209,1;1;1;1;2;2;4;4;7;14;19
