state,a,b,y
Brasil,0.702246586820988,0.28542794614998335,1;1;1;1;2;2;2;2;3;9;14;19;25;29;34;70;110;120;146;233;300;339;509
São Paulo,0.6461709898887689,0.2567848932500224,1;1;1;1;2;2;2;2;3;6;10;13;16;16;19;45;64;64;65;136;152;164;241
Espírito Santo,0.22942774477326602,0.2771767473314464,1;1;1;1;1;1;1;2;2;4;4;8;8;11
Rio de Janeiro,1.8231489172945265,0.24357232126432846,1;1;2;3;8;8;14;16;19;24;24;31;33;63
Distrito Federal,0.22655133692053486,0.35724363089188105,1;1;1;1;1;2;2;3;3;8;14;19;21;34
Bahia,0.2787908872573514,0.3482061790511799,1;2;2;2;2;3;3;7;7;9;10;16;28
Minas Gerais,0.1587664037604551,0.4366561055039609,1;1;1;1;2;2;4;4;7;14;19
