state,a,b,casos,y
3550308,0.7740221300218858,0.24502010864945703,"[  1   1   1   1   2   2   2   2   3   6  10  12  15  15  18  43  62  62
  62 132 145 157 214]",1;1;1;1;2;2;2;2;3;6;10;12;15;15;18;43;62;62;62;132;145;157;214
2910800,1.1701701025158056,0.1434310316456645,[1 2 2 2 2 3 3 4 4 5],1;2;2;2;2;3;3;4;4;5
3304557,3.2059729543022724,0.22368196291909137,[ 1  2  6  6 12 14 17 22 22 29],1;2;6;6;12;14;17;22;22;29
